date,location_key,search_trends_impetigo,search_trends_nausea,search_trends_itch,search_trends_skin_rash,search_trends_swelling,search_trends_acne
2020-01-01,US,8.63,0.15,6.28,2.58,5.51,5.09
2020-01-02,US,9.16,0.18,6.43,2.37,5.79,5.19
2020-01-03,US,8.75,0.17,6.36,2.3,5.68,5.09
2020-01-04,US,9.16,0.15,6.45,2.32,5.55,5.08
2020-01-05,US,9.31,0.15,6.44,2.25,5.51,5.12
2020-01-06,US,8.33,0.17,6.35,2.25,5.72,5.04
2020-01-07,US,8.16,0.17,6.23,2.15,5.69,4.98
2020-01-08,US,8.09,0.17,6.12,2.06,15.92,4.96
2020-01-09,US,8.1,0.18,6.17,2.05,12.44,5.01
2020-01-10,US,7.58,0.16,5.86,1.97,7.79,4.82
2020-01-11,US,8.62,0.15,6.3,2.11,7.0,5.06
2020-01-12,US,9.27,0.16,6.46,2.19,6.45,5.14
2020-01-13,US,7.89,0.18,6.2,2.14,6.27,4.97
2020-01-14,US,7.88,0.18,6.14,2.11,6.09,5.01
2020-01-15,US,7.89,0.17,6.05,2.07,5.98,5.04
2020-01-16,US,7.9,0.17,5.91,2.0,5.83,4.98
2020-01-17,US,7.46,0.15,5.74,1.93,5.67,4.75
2020-01-18,US,8.53,0.15,6.32,2.11,5.75,5.1
2020-01-19,US,8.95,0.15,6.57,2.17,5.86,5.19
2020-01-20,US,9.2,0.18,6.65,2.23,6.18,5.28
2020-01-21,US,8.12,0.19,6.35,2.12,6.11,5.02
2020-01-22,US,8.0,0.19,6.3,2.07,6.03,5.28
2020-01-23,US,8.82,0.21,6.26,2.07,6.0,5.09
2020-01-24,US,8.05,0.19,6.1,2.02,5.74,5.06
2020-01-25,US,8.88,0.18,6.54,2.22,5.91,5.22
2020-01-26,US,8.5,0.19,6.19,2.15,5.63,5.09
2020-01-27,US,7.57,0.19,6.05,2.17,5.85,5.02
2020-01-28,US,7.79,0.19,6.11,2.15,7.38,5.07
2020-01-29,US,7.71,0.19,6.0,2.11,9.04,5.11
2020-01-30,US,7.75,0.19,6.0,2.06,6.21,4.97
2020-01-31,US,7.24,0.18,5.79,2.0,5.71,4.8
2020-02-01,US,8.34,0.16,6.25,2.19,5.83,5.08
2020-02-02,US,8.46,0.16,6.2,2.15,5.6,4.95
2020-02-03,US,7.75,0.2,6.12,2.23,5.91,5.1
2020-02-04,US,7.78,0.19,6.1,2.14,5.81,5.08
2020-02-05,US,7.71,0.2,6.0,2.08,5.77,4.99
2020-02-06,US,7.74,0.18,6.15,2.07,5.82,4.96
2020-02-07,US,7.4,0.17,5.89,2.05,5.49,4.76
2020-02-08,US,8.49,0.17,6.38,2.2,5.74,5.06
2020-02-09,US,8.98,0.3,6.56,2.23,5.88,5.17
2020-02-10,US,7.85,0.22,6.27,2.21,6.18,5.15
2020-02-11,US,7.84,0.2,6.2,2.12,5.91,5.11
2020-02-12,US,7.71,0.2,6.04,2.06,5.72,5.06
2020-02-13,US,7.43,0.19,5.82,2.01,5.5,4.93
2020-02-14,US,6.64,0.16,5.46,1.89,5.12,4.58
2020-02-15,US,8.34,0.17,6.41,2.2,5.87,5.1
2020-02-16,US,8.91,0.17,6.73,2.26,6.09,5.32
2020-02-17,US,8.91,0.19,6.76,2.27,6.3,5.54
2020-02-18,US,8.18,0.19,6.42,2.21,6.09,5.55
2020-02-19,US,8.09,0.19,6.23,2.1,5.93,5.24
2020-02-20,US,7.98,0.17,6.16,2.03,5.83,5.06
2020-02-21,US,7.6,0.17,5.98,1.98,5.65,4.84
2020-02-22,US,8.55,0.16,6.56,2.13,5.92,5.11
2020-02-23,US,9.27,0.17,6.87,2.23,6.22,5.39
2020-02-24,US,8.01,0.19,6.43,2.17,6.06,5.23
2020-02-25,US,8.08,0.19,6.31,2.09,5.94,5.17
2020-02-26,US,7.87,0.18,6.06,2.04,5.77,5.08
2020-02-27,US,7.84,0.17,5.99,1.97,5.8,4.99
2020-02-28,US,7.21,0.16,5.81,1.92,5.57,4.72
2020-02-29,US,8.38,0.16,6.39,2.08,5.84,5.01
2020-03-01,US,9.08,0.16,6.64,2.1,6.05,5.22
2020-03-02,US,7.87,0.18,6.24,2.09,6.05,5.1
2020-03-03,US,7.74,0.17,6.13,2.01,5.89,5.03
2020-03-04,US,7.87,0.18,6.08,1.99,5.83,5.09
2020-03-05,US,7.77,0.17,6.04,1.97,5.84,5.01
2020-03-06,US,7.31,0.16,5.8,1.91,5.7,4.84
2020-03-07,US,8.22,0.15,6.18,1.99,5.76,5.15
2020-03-08,US,8.55,0.15,6.37,2.03,6.06,5.1
2020-03-09,US,7.62,0.17,6.25,2.04,6.08,5.04
2020-03-10,US,7.48,0.17,6.14,1.96,6.02,4.92
2020-03-11,US,7.16,0.17,5.92,1.88,5.99,4.71
2020-03-12,US,6.5,0.16,5.51,1.84,5.74,4.36
2020-03-13,US,6.31,0.14,5.28,1.7,5.44,4.16
2020-03-14,US,7.28,0.14,5.94,1.86,6.05,4.49
2020-03-15,US,7.34,0.14,5.91,1.81,6.14,4.38
2020-03-16,US,6.62,0.14,5.48,1.66,6.1,4.08
2020-03-17,US,6.77,0.13,5.51,1.62,5.79,4.06
2020-03-18,US,6.87,0.13,5.57,1.6,5.71,4.06
2020-03-19,US,7.2,0.13,5.53,1.59,5.71,4.07
2020-03-20,US,7.42,0.12,5.47,1.57,5.41,3.99
2020-03-21,US,8.58,0.13,6.06,1.66,5.78,4.22
2020-03-22,US,8.99,0.13,6.09,1.68,5.76,4.22
2020-03-23,US,8.12,0.14,5.65,1.67,5.46,4.07
2020-03-24,US,8.12,0.13,5.79,1.69,5.57,4.35
2020-03-25,US,7.96,0.13,5.8,1.68,5.42,4.36
2020-03-26,US,7.95,0.13,5.93,1.67,5.66,4.24
2020-03-27,US,7.87,0.12,5.99,1.66,5.46,4.27
2020-03-28,US,8.73,0.12,6.53,1.74,5.71,4.48
2020-03-29,US,8.98,0.12,6.62,1.73,5.84,4.45
2020-03-30,US,8.27,0.12,6.14,1.73,5.53,4.3
2020-03-31,US,9.02,0.12,5.99,1.77,5.29,4.21
2020-04-01,US,9.01,0.12,5.87,1.67,5.27,4.12
2020-04-02,US,10.08,0.12,5.95,1.65,5.38,4.15
2020-04-03,US,11.12,0.12,5.88,1.61,5.24,4.05
2020-04-04,US,12.09,0.12,6.54,1.71,5.92,4.34
2020-04-05,US,11.18,0.12,6.71,1.73,6.03,4.45
2020-04-06,US,10.11,0.13,6.49,1.73,6.12,4.38
2020-04-07,US,9.64,0.12,6.58,1.69,6.24,4.47
2020-04-08,US,9.41,0.12,6.62,1.68,6.14,4.5
2020-04-09,US,9.11,0.12,6.45,1.69,5.77,4.41
2020-04-10,US,9.14,0.12,6.44,1.77,5.72,4.27
2020-04-11,US,9.62,0.12,6.95,1.86,6.17,4.44
2020-04-12,US,8.98,0.12,6.99,1.81,6.11,5.21
2020-04-13,US,9.17,0.13,6.57,1.81,5.78,4.43
2020-04-14,US,9.57,0.13,6.59,1.81,6.03,4.39
2020-04-15,US,9.75,0.12,6.17,1.68,5.51,4.18
2020-04-16,US,10.26,0.12,6.37,1.65,5.67,4.41
2020-04-17,US,10.04,0.12,6.38,1.63,5.61,4.27
2020-04-18,US,10.79,0.12,6.95,1.71,6.1,4.5
2020-04-19,US,10.99,0.13,7.24,1.75,6.33,4.69
2020-04-20,US,9.71,0.14,6.81,1.75,6.16,4.57
2020-04-21,US,9.74,0.13,6.73,1.69,6.1,4.58
2020-04-22,US,9.62,0.13,6.94,1.67,5.96,4.85
2020-04-23,US,9.54,0.13,6.55,1.68,5.75,4.64
2020-04-24,US,9.28,0.13,6.53,1.64,5.74,4.54
2020-04-25,US,10.05,0.16,7.37,1.72,6.44,4.86
2020-04-26,US,10.09,0.13,7.48,1.76,6.58,4.99
2020-04-27,US,9.34,0.13,7.13,1.77,6.29,4.83
2020-04-28,US,9.61,0.13,7.35,1.72,6.4,4.85
2020-04-29,US,9.52,0.13,6.98,1.7,6.22,4.79
2020-04-30,US,9.49,0.12,6.74,1.7,5.99,4.7
2020-05-01,US,9.12,0.12,6.84,1.65,6.13,4.68
2020-05-02,US,9.65,0.12,8.13,1.72,7.33,5.21
2020-05-03,US,9.78,0.12,8.54,1.71,7.84,5.43
2020-05-04,US,9.04,0.13,7.75,1.72,7.0,5.16
2020-05-05,US,9.04,0.13,7.42,1.69,6.72,4.94
2020-05-06,US,9.16,0.13,7.16,1.69,6.51,4.85
2020-05-07,US,9.19,0.13,7.24,1.65,6.66,4.83
2020-05-08,US,8.91,0.12,6.84,1.62,6.22,4.68
2020-05-09,US,9.36,0.12,7.48,1.68,6.73,4.82
2020-05-10,US,9.19,0.12,7.75,1.68,7.08,4.95
2020-05-11,US,9.27,0.14,7.28,1.8,6.61,4.96
2020-05-12,US,9.31,0.19,7.19,1.75,6.55,4.82
2020-05-13,US,9.34,0.2,7.18,1.73,6.64,4.84
2020-05-14,US,9.43,0.14,7.29,1.71,6.73,4.87
2020-05-15,US,8.94,0.13,7.28,1.69,6.71,4.91
2020-05-16,US,9.38,0.12,8.36,1.76,7.59,5.33
2020-05-17,US,9.73,0.13,8.49,1.77,7.57,5.48
2020-05-18,US,9.25,0.13,7.73,1.79,7.09,5.26
2020-05-19,US,9.4,0.13,7.61,1.77,6.95,5.29
2020-05-20,US,9.12,0.13,7.31,1.74,6.7,5.01
2020-05-21,US,9.22,0.13,7.47,1.72,6.86,5.05
2020-05-22,US,8.9,0.12,7.53,1.71,6.85,5.01
2020-05-23,US,9.45,0.13,8.47,1.76,7.67,5.32
2020-05-24,US,9.46,0.13,9.04,1.78,8.2,5.7
2020-05-25,US,9.42,0.13,9.52,1.77,8.49,5.86
2020-05-26,US,9.1,0.14,9.09,1.81,8.19,5.84
2020-05-27,US,9.03,0.14,8.8,1.75,7.87,5.66
2020-05-28,US,9.06,0.13,8.42,1.72,7.51,5.49
2020-05-29,US,8.38,0.13,8.01,1.68,7.24,5.21
2020-05-30,US,8.23,0.13,8.59,1.69,7.8,5.2
2020-05-31,US,8.1,0.12,8.6,1.65,7.72,5.16
2020-06-01,US,7.83,0.13,8.12,1.66,7.22,5.05
2020-06-02,US,8.03,0.14,8.26,1.67,7.25,5.14
2020-06-03,US,8.29,0.14,8.42,1.68,7.39,5.3
2020-06-04,US,8.38,0.14,8.61,1.7,7.46,5.38
2020-06-05,US,8.14,0.14,8.48,1.72,7.25,5.28
2020-06-06,US,8.46,0.14,9.22,1.76,7.96,5.58
2020-06-07,US,8.67,0.14,9.84,1.81,8.5,6.07
2020-06-08,US,8.55,0.15,9.4,1.87,8.23,5.91
2020-06-09,US,9.37,0.15,9.19,1.85,8.0,5.81
2020-06-10,US,9.66,0.15,8.94,1.83,7.86,5.72
2020-06-11,US,9.21,0.16,8.67,1.83,7.69,5.58
2020-06-12,US,8.62,0.16,8.56,1.82,7.63,5.48
2020-06-13,US,8.67,0.16,9.27,1.88,8.26,5.76
2020-06-14,US,8.86,0.15,9.58,1.91,8.43,6.0
2020-06-15,US,8.8,0.16,9.04,1.92,7.97,5.71
2020-06-16,US,9.02,0.16,8.94,1.91,7.83,5.66
2020-06-17,US,8.89,0.16,8.64,1.9,7.65,5.68
2020-06-18,US,8.98,0.16,8.6,1.9,7.6,5.62
2020-06-19,US,8.49,0.15,8.5,1.88,7.49,5.51
2020-06-20,US,8.59,0.15,9.15,1.92,7.96,5.75
2020-06-21,US,8.92,0.15,9.84,1.93,8.38,6.07
2020-06-22,US,10.46,0.16,9.57,2.02,8.19,6.12
2020-06-23,US,9.41,0.16,9.25,1.98,7.96,6.0
2020-06-24,US,9.15,0.16,8.92,2.01,7.78,5.9
2020-06-25,US,8.93,0.16,8.78,2.03,7.7,5.8
2020-06-26,US,8.49,0.17,8.74,1.95,7.65,5.62
2020-06-27,US,8.8,0.16,9.27,1.99,7.94,5.81
2020-06-28,US,9.15,0.16,9.83,2.02,8.33,6.03
2020-06-29,US,8.9,0.17,9.5,2.04,8.17,5.94
2020-06-30,US,8.93,0.17,9.07,2.0,7.73,5.73
2020-07-01,US,8.87,0.16,8.71,1.98,7.64,5.64
2020-07-02,US,8.66,0.17,8.73,1.94,7.61,5.65
2020-07-03,US,8.51,0.15,9.04,1.93,7.73,5.69
2020-07-04,US,7.81,0.15,9.49,1.91,7.91,5.92
2020-07-05,US,8.64,0.16,10.85,2.06,8.68,6.69
2020-07-06,US,8.64,0.18,10.76,2.04,8.59,6.44
2020-07-07,US,8.83,0.18,9.96,2.03,8.35,6.16
2020-07-08,US,8.82,0.18,9.32,2.02,8.17,6.03
2020-07-09,US,8.82,0.19,9.01,2.0,7.97,5.92
2020-07-10,US,8.35,0.19,8.73,2.02,7.51,5.74
2020-07-11,US,8.51,0.16,9.31,2.04,7.84,5.87
2020-07-12,US,8.73,0.17,9.83,2.03,8.25,6.13
2020-07-13,US,8.56,0.18,9.42,2.05,7.97,6.04
2020-07-14,US,8.63,0.18,9.09,2.02,7.79,5.91
2020-07-15,US,8.64,0.17,8.88,1.98,8.04,5.69
2020-07-16,US,8.82,0.18,8.77,1.98,7.77,5.67
2020-07-17,US,8.42,0.17,8.51,1.94,7.34,5.56
2020-07-18,US,8.6,0.16,9.26,1.98,7.91,5.8
2020-07-19,US,8.95,0.17,9.85,2.0,8.14,6.04
2020-07-20,US,8.76,0.19,9.61,2.05,8.01,5.99
2020-07-21,US,8.89,0.19,9.15,2.01,7.67,5.88
2020-07-22,US,8.69,0.18,8.52,1.95,7.23,5.8
2020-07-23,US,8.79,0.18,8.42,1.96,7.24,5.63
2020-07-24,US,8.31,0.17,8.23,1.94,7.11,5.59
2020-07-25,US,8.48,0.17,9.02,1.98,7.52,5.79
2020-07-26,US,8.72,0.17,9.59,2.02,7.83,6.07
2020-07-27,US,8.6,0.19,9.37,2.04,7.7,6.02
2020-07-28,US,8.88,0.19,8.96,1.98,7.56,5.86
2020-07-29,US,8.8,0.2,8.57,1.96,7.42,5.83
2020-07-30,US,8.64,0.2,8.63,1.96,7.14,5.74
2020-07-31,US,8.11,0.2,8.22,1.9,6.94,5.56
2020-08-01,US,8.31,0.19,8.67,1.97,7.17,5.79
2020-08-02,US,8.7,0.19,9.28,2.0,7.41,5.9
2020-08-03,US,8.61,0.22,9.02,2.0,7.27,5.78
2020-08-04,US,8.56,0.21,8.38,1.91,6.9,5.52
2020-08-05,US,8.72,0.2,8.25,1.92,6.94,5.53
2020-08-06,US,8.77,0.19,8.2,1.93,6.89,5.55
2020-08-07,US,8.35,0.18,8.05,1.88,6.7,5.45
2020-08-08,US,8.59,0.17,8.75,1.96,7.16,5.63
2020-08-09,US,8.86,0.18,9.35,2.0,7.51,5.88
2020-08-10,US,8.53,0.19,8.93,1.95,7.23,5.72
2020-08-11,US,8.62,0.18,8.64,1.92,7.08,5.66
2020-08-12,US,8.53,0.18,8.27,1.91,6.88,5.64
2020-08-13,US,8.62,0.18,8.15,1.89,6.77,5.58
2020-08-14,US,8.18,0.17,8.03,1.85,6.65,5.43
2020-08-15,US,8.45,0.17,8.77,1.98,7.15,5.66
2020-08-16,US,9.0,0.17,9.02,1.96,7.13,5.78
2020-08-17,US,8.24,0.18,8.52,1.93,6.89,5.59
2020-08-18,US,8.24,0.18,8.33,1.89,6.74,5.62
2020-08-19,US,8.14,0.17,7.97,1.84,6.52,5.47
2020-08-20,US,8.14,0.17,7.73,1.82,6.4,5.7
2020-08-21,US,7.79,0.22,7.71,1.81,6.39,5.37
2020-08-22,US,8.41,0.18,8.59,1.92,6.88,5.65
2020-08-23,US,8.5,0.17,8.99,1.92,7.08,5.69
2020-08-24,US,7.89,0.18,8.43,1.89,6.67,5.41
2020-08-25,US,8.02,0.17,8.04,1.88,6.47,5.38
2020-08-26,US,7.83,0.16,7.55,1.81,6.23,5.22
2020-08-27,US,7.88,0.18,7.43,1.82,6.22,5.29
2020-08-28,US,7.5,0.17,7.28,1.86,6.0,5.18
2020-08-29,US,8.19,0.18,8.07,1.97,6.46,5.56
2020-08-30,US,8.27,0.18,8.27,2.05,6.62,5.65
2020-08-31,US,7.71,0.18,7.68,1.95,6.2,5.42
2020-09-01,US,7.93,0.17,7.48,1.9,6.04,5.31
2020-09-02,US,8.0,0.17,7.29,1.89,6.07,5.26
2020-09-03,US,7.94,0.17,7.17,1.86,6.43,5.22
2020-09-04,US,7.48,0.16,7.1,1.83,6.1,5.08
2020-09-05,US,8.02,0.17,7.97,1.94,6.54,5.5
2020-09-06,US,8.1,0.17,8.46,1.97,6.97,5.69
2020-09-07,US,8.38,0.17,8.59,1.92,6.82,5.64
2020-09-08,US,7.55,0.16,7.67,1.87,6.39,5.24
2020-09-09,US,7.75,0.16,7.27,1.82,6.5,5.17
2020-09-10,US,7.81,0.17,6.93,1.85,6.02,5.01
2020-09-11,US,7.41,0.16,6.67,1.75,5.69,4.88
2020-09-12,US,8.13,0.16,7.48,1.89,6.16,5.24
2020-09-13,US,8.32,0.16,7.71,1.9,6.25,5.41
2020-09-14,US,7.88,0.17,7.3,1.9,6.02,5.36
2020-09-15,US,7.81,0.16,6.99,1.81,5.82,5.19
2020-09-16,US,7.72,0.16,6.78,1.79,5.73,5.09
2020-09-17,US,7.84,0.15,6.7,1.77,5.64,5.04
2020-09-18,US,7.2,0.15,6.3,1.71,5.3,4.88
2020-09-19,US,7.64,0.14,6.92,1.83,5.67,5.18
2020-09-20,US,7.99,0.15,7.01,1.86,5.72,5.25
2020-09-21,US,7.61,0.17,6.68,1.83,5.7,5.18
2020-09-22,US,7.76,0.16,6.65,1.79,5.62,5.11
2020-09-23,US,7.81,0.16,6.57,1.78,5.55,5.1
2020-09-24,US,7.97,0.15,6.43,1.75,5.49,5.06
2020-09-25,US,7.4,0.15,6.42,1.73,5.38,4.93
2020-09-26,US,7.95,0.14,7.18,1.89,5.76,5.34
2020-09-27,US,8.24,0.16,7.41,1.92,5.87,5.5
2020-09-28,US,7.89,0.18,6.96,1.89,5.69,5.31
2020-09-29,US,7.62,0.17,6.46,1.81,5.38,5.0
2020-09-30,US,7.54,0.16,6.25,1.74,5.4,4.95
2020-10-01,US,7.53,0.18,6.2,1.73,5.41,4.95
2020-10-02,US,7.04,0.17,5.94,1.68,5.17,4.74
2020-10-03,US,7.64,0.15,6.58,1.83,5.47,4.99
2020-10-04,US,8.15,0.16,7.04,1.87,5.61,5.13
2020-10-05,US,7.72,0.17,6.83,1.86,5.61,5.08
2020-10-06,US,7.82,0.17,6.59,1.81,5.54,5.03
2020-10-07,US,7.71,0.16,6.38,1.79,5.38,4.99
2020-10-08,US,7.81,0.15,6.29,1.77,5.37,4.96
2020-10-09,US,7.35,0.14,6.14,1.76,5.2,4.87
2020-10-10,US,7.87,0.14,6.72,1.88,5.49,5.18
2020-10-11,US,8.14,0.14,6.86,1.92,5.52,5.33
2020-10-12,US,7.95,0.15,6.66,1.91,5.52,5.22
2020-10-13,US,7.73,0.15,6.27,1.82,5.28,4.99
2020-10-14,US,7.8,0.14,6.21,1.8,5.25,4.97
2020-10-15,US,7.77,0.14,6.11,1.78,5.17,4.93
2020-10-16,US,7.3,0.14,5.81,1.74,4.99,4.74
2020-10-17,US,7.7,0.13,6.3,1.83,5.18,4.9
2020-10-18,US,8.11,0.13,6.51,1.89,5.36,5.08
2020-10-19,US,7.75,0.15,6.33,1.89,5.34,5.15
2020-10-20,US,7.89,0.15,6.3,1.83,5.34,5.19
2020-10-21,US,7.96,0.14,6.16,1.85,5.3,5.04
2020-10-22,US,7.82,0.14,6.0,1.79,5.17,4.96
2020-10-23,US,7.29,0.13,5.81,1.74,4.99,4.96
2020-10-24,US,7.63,0.13,6.18,1.85,5.08,5.01
2020-10-25,US,8.04,0.13,6.18,1.87,5.07,5.05
2020-10-26,US,7.67,0.14,5.97,1.85,5.16,4.91
2020-10-27,US,7.69,0.14,5.95,1.8,5.19,4.85
2020-10-28,US,7.63,0.13,5.85,1.78,5.08,4.82
2020-10-29,US,7.62,0.14,5.74,1.75,5.09,4.76
2020-10-30,US,6.92,0.13,5.63,1.66,5.07,4.56
2020-10-31,US,6.65,0.11,5.62,1.77,4.75,4.47
2020-11-01,US,7.78,0.13,6.25,1.97,5.12,4.95
2020-11-02,US,7.44,0.18,5.85,1.81,5.02,5.48
2020-11-03,US,6.84,0.13,5.38,1.67,4.57,4.62
2020-11-04,US,6.57,0.13,5.22,1.64,4.46,4.41
2020-11-05,US,7.34,0.13,5.64,1.7,4.88,4.7
2020-11-06,US,7.1,0.12,5.45,1.7,4.71,4.62
2020-11-07,US,7.14,0.11,5.7,1.72,4.62,4.68
2020-11-08,US,7.98,0.12,6.22,1.88,5.08,5.1
2020-11-09,US,7.72,0.13,6.01,1.89,5.21,5.1
2020-11-10,US,7.93,0.13,5.96,1.83,5.16,5.06
2020-11-11,US,7.96,0.13,5.92,1.81,5.05,5.02
2020-11-12,US,7.71,0.13,5.86,1.79,4.99,4.89
2020-11-13,US,7.37,0.13,5.52,1.74,4.76,4.63
2020-11-14,US,7.91,0.12,5.97,1.88,4.97,4.86
2020-11-15,US,8.18,0.12,6.14,1.9,5.03,4.94
2020-11-16,US,7.66,0.13,5.97,1.89,5.11,4.86
2020-11-17,US,7.68,0.13,5.94,1.83,5.05,4.85
2020-11-18,US,7.63,0.13,5.82,1.79,5.06,4.78
2020-11-19,US,7.57,0.13,5.81,1.77,5.14,4.73
2020-11-20,US,7.3,0.13,5.59,1.76,4.92,4.63
2020-11-21,US,8.07,0.12,6.06,1.86,5.04,4.89
2020-11-22,US,8.13,0.12,6.1,1.88,5.02,4.9
2020-11-23,US,7.94,0.13,5.84,1.86,5.0,4.86
2020-11-24,US,7.77,0.13,5.8,1.83,4.93,5.02
2020-11-25,US,7.27,0.12,5.58,1.78,4.73,4.68
2020-11-26,US,7.16,0.11,5.42,1.69,4.61,4.6
2020-11-27,US,8.16,0.11,5.71,1.91,4.75,4.68
2020-11-28,US,8.22,0.12,5.99,1.95,4.85,4.76
2020-11-29,US,8.55,0.12,6.12,2.0,5.0,4.82
2020-11-30,US,7.98,0.13,5.75,1.92,4.94,4.69
2020-12-01,US,7.83,0.14,5.76,1.88,5.04,4.81
2020-12-02,US,7.96,0.13,5.71,1.84,5.0,5.01
2020-12-03,US,7.99,0.13,5.75,1.83,5.06,4.93
2020-12-04,US,7.27,0.13,5.54,1.78,4.84,4.82
2020-12-05,US,7.68,0.12,5.85,1.86,4.88,4.85
2020-12-06,US,7.98,0.12,6.08,1.89,4.96,4.9
2020-12-07,US,7.47,0.13,5.83,1.9,5.05,4.85
2020-12-08,US,7.58,0.13,5.79,1.89,5.0,4.84
2020-12-09,US,7.53,0.13,5.68,1.83,5.03,4.87
2020-12-10,US,7.6,0.12,5.59,1.8,5.02,4.83
2020-12-11,US,6.92,0.12,5.32,1.75,4.63,4.62
2020-12-12,US,7.83,0.11,5.64,1.86,4.64,4.8
2020-12-13,US,8.16,0.12,5.87,1.89,4.73,4.87
2020-12-14,US,7.83,0.12,5.47,1.84,4.69,4.73
2020-12-15,US,8.56,0.12,5.46,1.8,4.77,4.69
2020-12-16,US,7.92,0.12,5.38,1.75,4.82,5.14
2020-12-17,US,8.32,0.11,5.46,1.76,4.75,4.79
2020-12-18,US,7.27,0.11,5.37,1.74,4.63,4.67
2020-12-19,US,7.63,0.11,5.7,1.85,4.73,4.75
2020-12-20,US,7.89,0.11,5.88,1.9,4.79,4.81
2020-12-21,US,7.81,0.12,5.66,1.9,4.77,4.8
2020-12-22,US,8.38,0.12,5.62,1.88,4.72,4.8
2020-12-23,US,7.58,0.11,5.49,1.92,4.56,4.77
2020-12-24,US,6.54,0.1,4.98,1.77,4.11,4.39
2020-12-25,US,6.97,0.09,5.05,1.78,4.13,4.56
2020-12-26,US,8.28,0.11,5.9,1.99,4.79,4.89
2020-12-27,US,9.01,0.11,6.23,2.04,5.1,5.04
2020-12-28,US,9.16,0.13,6.19,2.08,5.21,5.03
2020-12-29,US,8.82,0.12,6.12,2.06,5.23,5.02
2020-12-30,US,8.48,0.12,5.95,2.02,5.08,4.92
2020-12-31,US,6.94,0.12,5.19,1.9,4.48,4.44
2021-01-01,US,8.24,0.1,5.76,2.3,4.7,4.91
2021-01-02,US,8.99,0.12,6.14,2.1,4.94,4.95
2021-01-03,US,9.16,0.11,6.08,2.07,4.83,4.89
2021-01-04,US,8.59,0.12,5.79,2.07,4.88,4.8
2021-01-05,US,8.32,0.12,5.63,2.03,4.8,4.79
2021-01-06,US,7.65,0.1,5.19,1.87,4.46,4.46
2021-01-07,US,7.99,0.11,5.39,1.9,4.66,4.66
2021-01-08,US,7.72,0.11,5.35,1.88,4.6,4.58
2021-01-09,US,8.46,0.1,5.79,1.99,4.75,4.76
2021-01-10,US,8.62,0.11,5.85,2.0,4.74,4.8
2021-01-11,US,7.95,0.12,5.58,1.97,4.79,4.69
2021-01-12,US,8.08,0.11,5.62,1.98,4.81,4.76
2021-01-13,US,7.88,0.12,5.55,1.9,4.78,4.74
2021-01-14,US,8.05,0.12,5.6,1.9,4.91,4.86
2021-01-15,US,7.83,0.11,5.5,1.86,4.75,4.75
2021-01-16,US,8.58,0.11,5.93,1.97,4.95,5.0
2021-01-17,US,8.88,0.11,6.07,2.03,5.19,4.99
2021-01-18,US,9.14,0.12,6.1,2.06,5.25,5.09
2021-01-19,US,8.29,0.12,5.76,1.96,5.04,4.84
2021-01-20,US,7.92,0.11,5.41,1.83,4.68,4.61
2021-01-21,US,8.8,0.12,5.6,1.9,4.92,4.84
2021-01-22,US,7.8,0.11,5.47,1.85,4.76,4.75
2021-01-23,US,8.81,0.11,5.9,1.96,4.98,5.22
2021-01-24,US,8.98,0.11,6.05,2.01,5.06,5.04
2021-01-25,US,8.5,0.12,5.79,2.01,5.0,4.96
2021-01-26,US,8.81,0.12,5.73,2.01,4.96,4.96
2021-01-27,US,8.36,0.14,5.64,1.93,4.89,4.92
2021-01-28,US,8.32,0.12,5.56,1.86,4.86,4.85
2021-01-29,US,7.91,0.12,5.54,1.83,4.81,4.82
2021-01-30,US,8.48,0.12,6.06,1.98,5.08,6.0
2021-01-31,US,8.66,0.12,6.05,1.98,5.04,5.76
2021-02-01,US,8.12,0.12,5.71,1.96,4.9,5.13
2021-02-02,US,8.33,0.13,5.77,1.95,5.01,5.07
2021-02-03,US,8.34,0.13,5.76,1.94,5.05,5.04
2021-02-04,US,8.16,0.12,5.79,1.92,5.06,5.07
2021-02-05,US,7.7,0.11,5.55,1.88,4.87,4.93
2021-02-06,US,8.42,0.12,5.98,1.99,4.99,5.2
2021-02-07,US,8.2,0.11,5.8,1.94,4.78,4.96
2021-02-08,US,8.21,0.13,5.87,2.03,5.08,5.12
2021-02-09,US,8.35,0.12,5.87,1.98,5.11,5.16
2021-02-10,US,8.14,0.12,5.75,1.91,4.99,5.09
2021-02-11,US,7.95,0.12,5.66,1.85,4.88,5.0
2021-02-12,US,7.53,0.11,5.59,1.81,4.76,4.87
2021-02-13,US,7.99,0.11,5.95,1.93,4.88,5.0
2021-02-14,US,7.62,0.11,5.92,1.93,4.84,4.94
2021-02-15,US,8.14,0.12,6.05,1.99,5.05,5.14
2021-02-16,US,8.06,0.12,5.95,1.95,5.0,5.05
2021-02-17,US,8.04,0.12,5.91,1.92,5.02,5.12
2021-02-18,US,8.23,0.12,5.94,1.9,5.07,5.12
2021-02-19,US,8.14,0.12,5.91,1.92,5.04,5.09
2021-02-20,US,8.75,0.12,6.39,2.06,5.26,5.28
2021-02-21,US,8.98,0.12,6.49,2.11,5.39,5.38
2021-02-22,US,8.38,0.13,6.03,2.07,5.23,5.29
2021-02-23,US,8.34,0.12,6.21,2.01,5.4,5.3
2021-02-24,US,8.26,0.12,5.94,1.95,5.2,5.31
2021-02-25,US,8.14,0.12,5.8,1.9,5.08,5.2
2021-02-26,US,7.65,0.12,5.58,1.84,4.84,5.03
2021-02-27,US,8.23,0.12,6.0,1.98,5.14,5.27
2021-02-28,US,8.87,0.12,6.15,2.03,5.16,5.38
2021-03-01,US,8.08,0.12,5.88,1.99,5.03,5.24
2021-03-02,US,8.36,0.12,5.87,1.92,5.06,5.24
2021-03-03,US,8.38,0.12,5.73,1.9,5.04,5.4
2021-03-04,US,8.22,0.12,5.71,1.87,5.15,5.24
2021-03-05,US,7.62,0.11,5.55,1.83,4.89,5.06
2021-03-06,US,8.25,0.11,6.02,1.96,5.07,5.29
2021-03-07,US,8.59,0.11,6.2,2.02,5.25,5.37
2021-03-08,US,7.94,0.12,5.95,1.97,5.24,5.3
2021-03-09,US,8.22,0.12,5.97,1.93,5.26,5.33
2021-03-10,US,8.09,0.12,5.88,1.89,5.14,5.39
2021-03-11,US,7.97,0.12,5.82,1.89,5.09,5.38
2021-03-12,US,7.68,0.11,5.62,1.85,4.93,5.08
2021-03-13,US,8.15,0.11,5.98,2.01,5.07,5.26
2021-03-14,US,8.13,0.11,5.97,1.97,5.01,5.2
2021-03-15,US,7.84,0.12,5.95,1.99,5.17,5.2
2021-03-16,US,7.92,0.12,5.98,1.97,5.22,5.22
2021-03-17,US,7.68,0.11,5.68,1.89,5.01,5.01
2021-03-18,US,7.85,0.12,5.71,1.93,5.02,5.12
2021-03-19,US,7.49,0.11,5.63,1.88,4.89,4.92
2021-03-20,US,8.04,0.12,6.14,1.99,5.16,5.15
2021-03-21,US,8.37,0.13,6.35,2.01,5.49,5.39
2021-03-22,US,7.92,0.14,6.11,2.0,5.42,5.46
2021-03-23,US,7.96,0.13,6.09,1.97,5.46,5.4
2021-03-24,US,8.0,0.13,6.05,1.95,5.33,5.4
2021-03-25,US,8.0,0.13,5.94,1.92,5.28,5.37
2021-03-26,US,7.59,0.12,5.83,1.92,5.22,5.33
2021-03-27,US,8.05,0.12,6.35,2.01,5.48,5.54
2021-03-28,US,8.26,0.12,6.42,2.04,5.48,5.63
2021-03-29,US,8.54,0.13,6.27,2.03,5.59,5.47
2021-03-30,US,8.43,0.12,6.34,1.98,5.67,5.47
2021-03-31,US,7.81,0.13,6.16,1.94,5.53,5.5
2021-04-01,US,7.55,0.12,5.95,1.9,5.37,5.33
2021-04-02,US,7.68,0.12,6.03,1.94,5.42,5.24
2021-04-03,US,7.88,0.12,6.39,2.02,5.66,5.31
2021-04-04,US,8.05,0.12,6.74,2.03,6.0,5.6
2021-04-05,US,7.98,0.13,6.67,2.13,6.02,5.64
2021-04-06,US,8.09,0.13,6.67,2.11,6.01,5.69
2021-04-07,US,8.02,0.13,6.59,2.07,5.98,5.68
2021-04-08,US,7.88,0.12,6.51,2.04,5.87,5.65
2021-04-09,US,7.36,0.12,6.25,2.01,5.62,5.54
2021-04-10,US,7.9,0.11,6.75,2.14,5.94,5.64
2021-04-11,US,8.41,0.12,7.01,2.17,6.11,5.69
2021-04-12,US,7.82,0.13,6.75,2.14,6.0,5.53
2021-04-13,US,8.02,0.12,6.64,2.09,6.0,5.58
2021-04-14,US,8.33,0.12,6.52,2.09,6.0,5.49
2021-04-15,US,8.0,0.12,6.29,2.1,5.77,5.42
2021-04-16,US,7.38,0.12,6.07,2.01,5.51,5.19
2021-04-17,US,8.14,0.12,6.65,2.13,5.96,5.38
2021-04-18,US,8.43,0.12,7.13,2.17,6.36,5.83
2021-04-19,US,7.89,0.13,6.73,2.12,6.11,5.64
2021-04-20,US,7.65,0.13,6.51,2.04,5.95,5.45
2021-04-21,US,7.81,0.14,6.4,2.02,5.8,5.47
2021-04-22,US,7.69,0.13,6.29,2.01,5.77,5.38
2021-04-23,US,7.38,0.13,6.2,2.0,5.67,5.23
2021-04-24,US,7.94,0.12,6.79,2.13,6.12,5.48
2021-04-25,US,8.14,0.13,7.12,2.15,6.29,5.67
2021-04-26,US,7.66,0.14,6.82,2.13,6.24,5.66
2021-04-27,US,7.7,0.14,6.91,2.06,6.41,5.69
2021-04-28,US,7.62,0.13,6.87,2.0,6.28,5.84
2021-04-29,US,7.41,0.13,6.67,1.97,6.11,5.66
2021-04-30,US,6.91,0.12,6.42,1.92,5.86,5.35
2021-05-01,US,7.34,0.12,7.16,2.04,6.58,5.6
2021-05-02,US,7.82,0.12,7.93,2.08,7.22,6.05
2021-05-03,US,7.4,0.14,7.1,2.07,6.6,5.87
2021-05-04,US,7.5,0.13,6.83,2.0,6.33,5.67
2021-05-05,US,7.58,0.13,6.58,1.96,6.15,5.56
2021-05-06,US,7.36,0.13,6.62,1.97,6.21,5.53
2021-05-07,US,6.97,0.12,6.44,1.98,5.91,5.3
2021-05-08,US,7.48,0.11,7.04,2.04,6.31,5.53
2021-05-09,US,7.5,0.12,7.26,2.02,6.53,5.61
2021-05-10,US,7.46,0.14,7.02,2.08,6.55,5.69
2021-05-11,US,7.58,0.13,6.9,2.0,6.3,5.58
2021-05-12,US,7.48,0.13,6.75,1.96,6.18,5.45
2021-05-13,US,7.3,0.13,6.75,1.94,6.31,5.4
2021-05-14,US,6.94,0.12,6.74,1.92,6.28,5.25
2021-05-15,US,7.43,0.12,7.66,2.08,6.99,5.6
2021-05-16,US,7.75,0.12,8.12,2.06,7.28,5.85
2021-05-17,US,7.55,0.13,7.48,2.02,6.93,5.72
2021-05-18,US,7.82,0.13,7.38,1.97,6.82,5.84
2021-05-19,US,7.97,0.13,7.38,1.94,6.92,6.03
2021-05-20,US,7.71,0.13,7.4,1.93,6.96,6.23
2021-05-21,US,7.14,0.12,7.3,1.92,6.8,5.84
2021-05-22,US,7.68,0.12,8.41,2.06,7.71,6.17
2021-05-23,US,7.92,0.13,8.9,2.05,8.15,6.39
2021-05-24,US,7.58,0.14,8.29,2.03,7.64,6.16
2021-05-25,US,7.66,0.14,8.25,2.07,7.82,6.06
2021-05-26,US,7.7,0.14,7.97,1.99,7.55,5.96
2021-05-27,US,7.51,0.14,7.79,1.94,7.25,5.85
2021-05-28,US,7.14,0.19,7.31,1.94,6.65,5.55
2021-05-29,US,7.5,0.15,7.82,2.06,6.99,5.65
2021-05-30,US,7.57,0.15,8.16,2.1,7.34,5.78
2021-05-31,US,7.97,0.14,8.62,2.07,7.77,5.9
2021-06-01,US,7.81,0.15,8.27,2.07,7.59,5.94
2021-06-02,US,7.99,0.15,8.19,2.02,7.36,5.92
2021-06-03,US,7.85,0.14,8.04,1.99,7.25,5.89
2021-06-04,US,7.45,0.14,7.94,2.01,7.21,5.75
2021-06-05,US,7.63,0.14,8.85,2.09,7.97,6.25
2021-06-06,US,7.74,0.13,9.32,2.05,8.28,6.45
2021-06-07,US,7.77,0.15,9.0,2.08,8.11,6.38
2021-06-08,US,7.9,0.15,8.76,2.06,7.92,6.21
2021-06-09,US,8.04,0.15,8.61,2.04,7.95,6.18
2021-06-10,US,7.93,0.14,8.5,2.0,7.85,6.07
2021-06-11,US,7.43,0.14,8.21,2.01,7.47,5.93
2021-06-12,US,7.54,0.14,8.91,2.09,8.0,6.08
2021-06-13,US,7.86,0.14,9.54,2.14,8.47,6.51
2021-06-14,US,7.69,0.16,9.18,2.11,8.18,6.36
2021-06-15,US,7.86,0.15,8.91,2.07,7.98,6.16
2021-06-16,US,7.9,0.16,8.66,2.1,7.86,6.12
2021-06-17,US,7.85,0.16,8.57,2.04,7.75,6.07
2021-06-18,US,7.34,0.16,8.54,2.03,7.69,5.93
2021-06-19,US,7.44,0.15,9.07,2.1,8.02,6.14
2021-06-20,US,7.61,0.15,9.61,2.1,8.35,6.36
2021-06-21,US,7.74,0.16,9.21,2.14,8.04,6.31
2021-06-22,US,7.95,0.16,8.77,2.14,7.63,6.14
2021-06-23,US,7.93,0.17,8.65,2.15,7.62,6.04
2021-06-24,US,7.73,0.16,8.48,2.08,7.54,5.98
2021-06-25,US,7.57,0.16,8.32,2.07,7.35,6.01
2021-06-26,US,7.56,0.15,9.04,2.16,7.92,6.24
2021-06-27,US,7.91,0.16,9.86,2.23,8.39,6.49
2021-06-28,US,7.86,0.17,9.63,2.2,8.32,6.64
2021-06-29,US,8.01,0.17,9.37,2.14,8.21,6.45
2021-06-30,US,7.95,0.17,9.03,2.09,8.07,6.21
2021-07-01,US,7.8,0.17,8.72,2.09,7.68,6.06
2021-07-02,US,7.55,0.16,8.46,2.07,7.38,5.8
2021-07-03,US,7.48,0.15,8.93,2.12,7.64,5.92
2021-07-04,US,6.86,0.15,9.34,2.11,7.94,6.06
2021-07-05,US,7.8,0.17,10.56,2.2,8.53,6.65
2021-07-06,US,7.84,0.19,10.52,2.17,8.42,6.5
2021-07-07,US,7.99,0.18,9.74,2.18,8.04,6.3
2021-07-08,US,7.93,0.18,9.11,2.16,7.73,6.17
2021-07-09,US,7.53,0.18,8.78,2.14,7.56,6.0
2021-07-10,US,7.57,0.18,9.28,2.21,7.75,6.15
2021-07-11,US,7.96,0.17,9.61,2.25,7.85,6.37
2021-07-12,US,7.99,0.19,9.48,2.28,7.93,6.53
2021-07-13,US,8.04,0.2,9.21,2.25,7.76,6.41
2021-07-14,US,8.31,0.18,8.93,2.22,7.6,6.33
2021-07-15,US,8.56,0.18,8.83,2.17,7.58,6.22
2021-07-16,US,7.87,0.18,8.66,2.17,7.48,6.03
2021-07-17,US,7.91,0.17,9.25,2.24,7.75,6.15
2021-07-18,US,8.46,0.18,9.89,2.26,8.09,6.44
2021-07-19,US,8.12,0.2,9.61,2.26,8.03,6.44
2021-07-20,US,7.91,0.2,9.28,2.23,7.81,6.29
2021-07-21,US,8.04,0.19,9.01,2.2,7.66,6.18
2021-07-22,US,7.98,0.19,8.85,2.18,7.61,6.17
2021-07-23,US,7.57,0.19,8.62,2.17,7.43,5.95
2021-07-24,US,7.74,0.17,9.27,2.23,7.81,6.18
2021-07-25,US,7.95,0.19,9.83,2.25,8.05,6.41
2021-07-26,US,7.87,0.21,9.65,2.25,8.01,6.37
2021-07-27,US,8.02,0.2,9.29,2.21,7.8,6.25
2021-07-28,US,8.05,0.2,9.02,2.19,7.63,6.15
2021-07-29,US,7.78,0.19,8.73,2.17,7.39,6.13
2021-07-30,US,7.41,0.19,8.64,2.14,7.75,5.85
2021-07-31,US,7.6,0.18,9.25,2.23,7.77,6.02
2021-08-01,US,7.87,0.18,9.47,2.23,7.73,6.14
2021-08-02,US,8.01,0.21,9.13,2.22,7.58,6.15
2021-08-03,US,8.2,0.2,9.09,2.17,7.59,6.08
2021-08-04,US,8.32,0.2,9.0,2.18,7.52,5.99
2021-08-05,US,8.08,0.19,8.63,2.15,7.24,5.93
2021-08-06,US,7.6,0.18,8.57,2.13,7.19,5.8
2021-08-07,US,7.88,0.19,9.35,2.23,7.5,6.0
2021-08-08,US,8.06,0.19,9.84,2.28,7.76,6.2
2021-08-09,US,7.9,0.21,9.55,2.26,7.67,6.16
2021-08-10,US,8.36,0.2,9.18,2.19,7.42,6.04
2021-08-11,US,7.96,0.2,8.78,2.15,7.36,5.96
2021-08-12,US,7.71,0.19,8.64,2.14,7.22,6.05
2021-08-13,US,7.24,0.18,8.39,2.11,6.98,5.84
2021-08-14,US,7.62,0.18,9.07,2.22,7.37,6.05
2021-08-15,US,8.23,0.19,9.45,2.22,7.55,6.18
2021-08-16,US,7.38,0.2,8.8,2.17,7.26,5.93
2021-08-17,US,7.49,0.2,8.48,2.14,7.07,5.83
2021-08-18,US,7.65,0.19,8.18,2.16,6.89,5.8
2021-08-19,US,7.7,0.19,7.99,2.09,6.8,5.75
2021-08-20,US,7.03,0.18,7.79,2.06,6.59,5.55
2021-08-21,US,7.42,0.18,8.72,2.17,7.1,5.87
2021-08-22,US,7.66,0.18,9.06,2.17,7.16,5.98
2021-08-23,US,6.92,0.2,8.33,2.12,6.86,5.63
2021-08-24,US,7.21,0.19,8.3,2.11,6.92,5.75
2021-08-25,US,7.31,0.19,8.1,2.12,6.8,5.73
2021-08-26,US,7.14,0.18,7.95,2.06,6.7,5.7
2021-08-27,US,6.67,0.18,7.72,2.0,6.49,5.5
2021-08-28,US,7.22,0.17,8.7,2.17,7.02,5.8
2021-08-29,US,7.57,0.18,9.09,2.13,7.29,5.86
2021-08-30,US,7.44,0.2,8.46,2.13,7.84,5.73
2021-08-31,US,6.94,0.2,7.99,2.07,7.12,5.54
2021-09-01,US,6.83,0.18,7.37,2.0,6.77,5.33
2021-09-02,US,6.7,0.18,7.32,1.98,6.43,5.25
2021-09-03,US,6.41,0.18,7.1,1.97,6.17,5.16
2021-09-04,US,7.02,0.18,8.14,2.13,6.76,5.62
2021-09-05,US,7.23,0.19,8.64,2.17,7.12,5.89
2021-09-06,US,7.54,0.18,9.07,2.13,7.26,5.95
2021-09-07,US,6.89,0.21,8.34,2.13,6.94,5.69
2021-09-08,US,6.98,0.2,7.95,2.08,6.65,5.54
2021-09-09,US,6.7,0.19,7.38,2.01,6.31,5.36
2021-09-10,US,6.33,0.18,7.0,1.94,6.17,5.16
2021-09-11,US,6.99,0.17,7.93,2.1,6.67,5.6
2021-09-12,US,7.34,0.18,8.58,2.12,7.02,5.8
2021-09-13,US,6.74,0.2,7.83,2.09,6.68,5.61
2021-09-14,US,7.25,0.2,7.51,2.01,6.52,5.56
2021-09-15,US,6.95,0.19,7.24,1.98,6.37,5.61
2021-09-16,US,6.81,0.19,7.04,1.96,6.19,5.41
2021-09-17,US,6.29,0.17,6.67,1.9,5.82,5.12
2021-09-18,US,6.94,0.17,7.51,2.05,6.26,5.46
2021-09-19,US,7.2,0.18,7.79,2.09,6.38,5.57
2021-09-20,US,6.58,0.19,7.31,2.11,6.23,5.41
2021-09-21,US,6.73,0.19,7.07,2.01,6.08,5.35
2021-09-22,US,6.7,0.19,6.76,1.94,5.97,5.24
2021-09-23,US,6.5,0.19,6.54,1.88,5.87,5.11
2021-09-24,US,6.03,0.17,6.27,1.86,5.6,4.93
2021-09-25,US,6.66,0.16,6.98,2.01,5.89,5.28
2021-09-26,US,6.99,0.17,7.26,2.08,6.09,5.45
2021-09-27,US,6.52,0.19,6.94,2.04,6.03,5.38
2021-09-28,US,6.66,0.19,6.81,1.97,6.01,5.4
2021-09-29,US,6.63,0.18,6.61,1.94,5.85,5.34
2021-09-30,US,6.49,0.17,6.37,1.87,5.69,5.17
2021-10-01,US,5.98,0.16,6.01,1.79,5.4,4.78
2021-10-02,US,6.67,0.15,6.85,1.94,5.8,5.35
2021-10-03,US,7.0,0.16,7.36,1.98,5.87,5.35
2021-10-04,US,6.47,0.18,6.87,1.96,5.78,5.32
2021-10-05,US,6.59,0.18,6.61,1.94,5.75,5.26
2021-10-06,US,6.59,0.18,6.48,1.92,5.85,5.25
2021-10-07,US,6.52,0.17,6.36,1.88,5.7,5.22
2021-10-08,US,6.13,0.16,6.13,1.84,5.4,4.97
2021-10-09,US,6.61,0.15,6.66,2.0,5.58,5.2
2021-10-10,US,6.89,0.16,6.92,2.0,5.71,5.42
2021-10-11,US,6.67,0.18,6.83,2.0,5.86,5.35
2021-10-12,US,6.62,0.17,6.71,1.96,5.88,5.22
2021-10-13,US,6.65,0.17,6.4,1.92,5.67,5.18
2021-10-14,US,6.54,0.17,6.32,1.86,5.68,5.13
2021-10-15,US,6.07,0.16,6.08,1.82,6.09,4.91
2021-10-16,US,6.58,0.15,6.6,1.95,6.57,5.14
2021-10-17,US,6.94,0.16,6.66,1.99,6.48,5.26
2021-10-18,US,6.49,0.17,6.29,1.99,6.17,5.15
2021-10-19,US,6.62,0.17,6.23,1.94,5.97,5.1
2021-10-20,US,6.65,0.17,6.15,1.91,5.86,5.12
2021-10-21,US,6.58,0.18,6.05,1.89,5.72,5.07
2021-10-22,US,6.12,0.15,5.78,1.84,5.36,4.84
2021-10-23,US,6.59,0.14,6.21,1.95,5.52,5.0
2021-10-24,US,6.88,0.16,6.48,1.99,5.69,5.22
2021-10-25,US,6.42,0.18,6.21,1.99,5.64,5.14
2021-10-26,US,6.48,0.17,6.08,1.92,5.59,5.07
2021-10-27,US,6.36,0.17,5.98,1.89,5.55,4.98
2021-10-28,US,6.16,0.16,5.73,1.85,5.34,4.9
2021-10-29,US,5.63,0.14,5.49,1.77,5.1,4.68
2021-10-30,US,6.02,0.13,5.83,1.95,5.17,4.78
2021-10-31,US,6.05,0.13,5.79,1.99,5.11,4.91
2021-11-01,US,6.18,0.16,5.84,1.99,5.41,5.01
2021-11-02,US,6.45,0.16,5.81,1.92,5.34,4.93
2021-11-03,US,6.41,0.15,5.65,1.89,5.29,4.87
2021-11-04,US,6.38,0.15,5.65,1.89,5.27,4.87
2021-11-05,US,6.06,0.14,5.43,1.82,5.01,4.61
2021-11-06,US,6.62,0.13,5.82,1.95,5.13,4.78
2021-11-07,US,7.13,0.14,6.19,2.01,5.44,5.13
2021-11-08,US,6.54,0.16,5.86,1.98,5.38,5.07
2021-11-09,US,6.67,0.19,5.84,1.92,5.36,5.04
2021-11-10,US,6.51,0.17,5.7,1.89,5.23,5.03
2021-11-11,US,6.75,0.16,5.77,1.9,5.38,5.09
2021-11-12,US,6.1,0.14,5.42,1.85,5.02,4.77
2021-11-13,US,6.67,0.13,5.81,2.0,5.11,4.93
2021-11-14,US,7.06,0.14,6.07,2.04,5.33,5.09
2021-11-15,US,6.44,0.16,5.81,2.0,5.3,4.97
2021-11-16,US,6.55,0.15,5.81,1.98,5.36,4.98
2021-11-17,US,6.46,0.15,5.73,1.96,5.39,4.94
2021-11-18,US,6.3,0.14,5.56,1.91,5.16,4.84
2021-11-19,US,5.83,0.13,5.26,1.82,4.82,4.53
2021-11-20,US,6.59,0.14,5.79,1.97,5.09,4.84
2021-11-21,US,8.52,0.14,6.0,2.02,5.2,4.97
2021-11-22,US,7.02,0.15,5.81,1.96,5.25,4.88
2021-11-23,US,6.51,0.15,5.82,1.92,5.18,4.86
2021-11-24,US,6.51,0.15,5.77,1.9,5.09,4.81
2021-11-25,US,6.11,0.14,5.51,1.85,4.86,4.61
2021-11-26,US,7.17,0.15,5.65,1.92,4.91,4.59
2021-11-27,US,6.98,0.16,5.98,2.08,5.09,4.73
2021-11-28,US,7.35,0.16,6.16,2.12,5.22,4.89
2021-11-29,US,6.94,0.17,5.82,2.07,5.23,4.84
2021-11-30,US,6.77,0.16,5.85,2.05,5.32,4.95
2021-12-01,US,6.43,0.16,5.73,2.02,5.18,4.95
2021-12-02,US,6.32,0.16,5.6,1.99,5.08,4.96
2021-12-03,US,5.88,0.13,5.28,1.91,4.75,4.72
2021-12-04,US,6.45,0.13,5.61,2.05,4.8,4.92
2021-12-05,US,7.21,0.13,6.04,2.08,4.94,5.14
2021-12-06,US,6.45,0.15,6.08,2.05,5.0,4.96
2021-12-07,US,6.54,0.15,6.08,2.0,5.0,4.81
2021-12-08,US,6.2,0.14,5.56,1.97,5.01,4.86
2021-12-09,US,6.08,0.14,5.49,1.96,4.93,4.8
2021-12-10,US,5.76,0.14,5.23,1.92,4.64,4.63
2021-12-11,US,6.36,0.12,5.54,2.07,4.62,4.79
2021-12-12,US,6.76,0.13,5.76,2.14,4.84,4.89
2021-12-13,US,6.14,0.17,5.61,2.08,5.05,4.86
2021-12-14,US,6.21,0.15,5.53,2.04,5.02,4.84
2021-12-15,US,6.11,0.14,5.37,1.99,4.86,4.76
2021-12-16,US,6.05,0.14,5.28,1.98,4.81,4.81
2021-12-17,US,6.16,0.13,5.18,1.99,4.65,4.79
2021-12-18,US,6.56,0.12,5.51,2.13,4.66,4.91
2021-12-19,US,7.15,0.14,5.75,2.16,5.1,4.96
2021-12-20,US,6.9,0.14,5.69,2.16,5.1,4.92
2021-12-21,US,7.11,0.14,5.74,2.19,5.07,4.92
2021-12-22,US,6.96,0.14,5.69,2.19,5.01,4.92
2021-12-23,US,6.75,0.14,5.62,2.2,4.9,4.86
2021-12-24,US,5.84,0.12,5.23,2.17,4.53,4.59
2021-12-25,US,6.05,0.11,5.31,2.19,4.49,4.8
2021-12-26,US,7.42,0.12,5.98,2.45,4.98,5.05
2021-12-27,US,7.64,0.14,6.11,2.52,5.25,5.11
2021-12-28,US,7.62,0.14,6.22,2.53,5.38,5.21
2021-12-29,US,7.47,0.14,6.21,2.49,5.38,5.27
2021-12-30,US,7.21,0.14,6.12,2.44,5.37,5.15
2021-12-31,US,6.07,0.12,5.42,2.32,4.72,4.67
2022-01-01,US,7.05,0.12,6.05,2.64,5.01,5.07
2022-01-02,US,7.58,0.12,6.15,2.4,5.11,4.93
2022-01-03,US,7.08,0.14,5.98,2.35,5.18,4.84
2022-01-04,US,7.03,0.14,6.04,2.5,5.33,4.92
2022-01-05,US,6.91,0.14,5.91,2.32,5.23,4.91
2022-01-06,US,6.82,0.15,5.79,2.24,5.12,4.85
2022-01-07,US,6.83,0.13,5.67,2.18,5.0,4.75
2022-01-08,US,7.57,0.13,6.19,2.32,5.23,5.0
2022-01-09,US,7.62,0.12,6.09,2.29,5.09,4.93
2022-01-10,US,6.7,0.14,5.73,2.2,5.11,4.74
2022-01-11,US,6.74,0.14,5.82,2.17,5.22,4.79
2022-01-12,US,6.72,0.14,5.81,2.15,5.25,4.88
2022-01-13,US,6.61,0.14,5.83,2.12,5.25,4.88
2022-01-14,US,6.32,0.13,5.58,2.06,4.95,4.71
2022-01-15,US,6.97,0.12,6.0,2.17,5.03,4.85
2022-01-16,US,7.29,0.12,6.24,2.19,5.14,4.91
2022-01-17,US,7.46,0.14,6.1,2.23,5.25,4.95
2022-01-18,US,6.85,0.14,5.88,2.17,5.19,4.83
2022-01-19,US,6.91,0.14,5.75,2.11,5.06,4.85
2022-01-20,US,6.72,0.13,5.73,2.03,4.97,4.79
2022-01-21,US,6.41,0.13,5.7,1.97,4.9,4.69
2022-01-22,US,7.22,0.13,6.31,2.12,5.27,4.92
2022-01-23,US,7.55,0.13,6.35,2.17,5.23,5.0
2022-01-24,US,6.75,0.14,5.94,2.14,5.23,4.93
2022-01-25,US,6.84,0.14,5.92,2.09,5.22,4.92
2022-01-26,US,6.85,0.14,5.86,2.04,5.22,4.9
2022-01-27,US,6.67,0.14,5.88,1.98,5.27,4.94
2022-01-28,US,6.29,0.13,5.7,1.92,4.99,4.72
2022-01-29,US,7.08,0.12,6.19,2.08,5.16,4.97
2022-01-30,US,7.47,0.13,6.28,2.11,5.38,5.0
2022-01-31,US,6.74,0.14,5.95,2.09,5.31,4.92
2022-02-01,US,6.66,0.14,5.67,1.95,5.07,4.75
2022-02-02,US,6.63,0.13,5.6,1.96,4.96,4.8
2022-02-03,US,6.58,0.13,5.51,1.89,4.83,4.8
2022-02-04,US,6.43,0.13,5.51,1.9,4.87,4.75
2022-02-05,US,7.21,0.13,6.04,2.06,5.17,4.96
2022-02-06,US,7.62,0.13,6.24,2.16,5.33,5.08
2022-02-07,US,6.77,0.14,5.89,2.11,5.22,4.99
2022-02-08,US,6.79,0.14,5.83,2.04,5.17,4.96
2022-02-09,US,6.71,0.14,5.71,1.99,5.05,4.99
2022-02-10,US,6.57,0.14,5.64,1.98,5.01,4.98
2022-02-11,US,6.27,0.13,5.49,1.95,4.84,4.9
2022-02-12,US,6.94,0.12,5.92,2.11,5.0,5.11
2022-02-13,US,6.76,0.12,5.69,2.08,4.79,4.85
2022-02-14,US,6.11,0.14,5.49,2.06,4.91,4.8
2022-02-15,US,6.67,0.14,5.76,2.11,5.17,5.02
2022-02-16,US,6.86,0.14,5.72,2.07,5.14,5.06
2022-02-17,US,6.72,0.14,5.66,2.01,5.23,4.99
2022-02-18,US,6.57,0.13,5.54,1.99,4.88,4.81
2022-02-19,US,7.22,0.12,6.04,2.16,5.11,5.03
2022-02-20,US,7.52,0.13,6.19,2.28,5.26,5.3
2022-02-21,US,7.61,0.14,6.19,2.28,5.41,5.37
2022-02-22,US,7.11,0.14,5.8,2.17,5.2,5.13
2022-02-23,US,6.97,0.14,5.64,2.07,5.15,5.04
2022-02-24,US,6.7,0.12,5.43,1.95,4.88,4.85
2022-02-25,US,6.42,0.13,5.36,1.95,4.76,4.93
2022-02-26,US,7.25,0.12,5.89,2.16,5.07,5.06
2022-02-27,US,7.62,0.12,6.09,2.19,5.25,5.16
2022-02-28,US,6.93,0.14,5.82,2.16,5.25,5.07
2022-03-01,US,6.95,0.14,5.78,2.08,5.14,5.04
2022-03-02,US,6.96,0.14,5.73,2.04,5.19,5.13
2022-03-03,US,6.88,0.13,5.65,2.01,5.08,5.09
2022-03-04,US,6.41,0.13,5.45,1.98,4.83,4.86
2022-03-05,US,7.17,0.12,5.91,2.17,5.08,5.15
2022-03-06,US,7.59,0.12,6.1,2.23,5.23,5.36
2022-03-07,US,6.96,0.13,5.83,2.2,5.23,5.25
2022-03-08,US,6.92,0.13,5.73,2.22,5.26,5.12
2022-03-09,US,6.89,0.13,5.66,2.18,5.35,5.08
2022-03-10,US,6.97,0.13,5.63,2.09,5.34,5.04
2022-03-11,US,6.6,0.12,5.52,2.07,5.12,4.83
2022-03-12,US,7.3,0.12,5.89,2.21,5.24,5.0
2022-03-13,US,7.57,0.12,6.03,2.25,5.31,5.01
2022-03-14,US,7.16,0.14,6.0,2.3,5.51,5.18
2022-03-15,US,7.21,0.14,6.0,2.25,5.44,5.21
2022-03-16,US,7.09,0.13,5.92,2.19,5.35,5.23
2022-03-17,US,6.78,0.13,5.88,2.13,5.34,5.18
2022-03-18,US,6.61,0.12,5.81,2.13,5.23,5.08
2022-03-19,US,7.22,0.12,6.21,2.24,5.41,5.28
2022-03-20,US,7.57,0.12,6.38,2.29,5.6,5.38
2022-03-21,US,7.05,0.14,6.18,2.26,5.57,5.36
2022-03-22,US,7.08,0.14,6.15,2.22,5.52,5.33
2022-03-23,US,7.11,0.15,6.03,2.19,5.46,5.32
2022-03-24,US,7.05,0.15,5.9,2.14,5.36,5.2
2022-03-25,US,6.52,0.14,5.69,2.09,5.13,5.04
2022-03-26,US,7.11,0.13,6.17,2.23,5.38,5.15
2022-03-27,US,7.42,0.13,6.44,2.25,5.62,5.21
2022-03-28,US,6.92,0.14,6.08,2.18,5.53,5.11
2022-03-29,US,7.15,0.16,6.2,2.2,5.65,5.23
2022-03-30,US,6.91,0.14,6.01,2.12,5.46,5.11
2022-03-31,US,6.93,0.14,5.88,2.09,5.35,5.13
2022-04-01,US,6.47,0.13,5.62,2.05,5.08,4.91
2022-04-02,US,7.11,0.15,6.2,2.23,5.42,5.13
2022-04-03,US,7.47,0.13,6.45,2.25,5.68,5.31
2022-04-04,US,6.95,0.14,6.22,2.23,5.62,5.26
2022-04-05,US,7.04,0.13,6.26,2.18,5.54,5.26
2022-04-06,US,7.07,0.14,6.13,2.15,5.59,5.29
2022-04-07,US,6.89,0.13,6.04,2.07,5.5,5.2
2022-04-08,US,6.45,0.13,5.88,2.05,5.33,5.0
2022-04-09,US,7.03,0.12,6.37,2.21,5.56,5.24
2022-04-10,US,7.44,0.13,6.61,2.25,5.79,5.37
2022-04-11,US,6.88,0.14,6.34,2.23,5.86,5.35
2022-04-12,US,6.82,0.14,6.27,2.12,5.8,5.3
2022-04-13,US,6.86,0.15,6.23,2.1,5.81,5.32
2022-04-14,US,6.84,0.14,6.18,2.05,5.68,5.24
2022-04-15,US,6.83,0.13,6.33,2.07,5.68,5.19
2022-04-16,US,6.99,0.13,6.55,2.15,5.84,5.23
2022-04-17,US,7.0,0.13,6.71,2.12,6.12,5.38
2022-04-18,US,7.01,0.14,6.49,2.26,5.96,5.37
2022-04-19,US,7.1,0.14,6.44,2.24,5.93,5.31
2022-04-20,US,7.08,0.14,6.36,2.18,5.9,5.26
2022-04-21,US,7.0,0.14,6.36,2.1,5.97,5.32
2022-04-22,US,6.69,0.13,6.27,2.08,6.01,5.22
2022-04-23,US,7.25,0.13,7.12,2.18,6.65,5.61
2022-04-24,US,7.67,0.13,7.57,2.21,7.0,5.9
2022-04-25,US,6.98,0.15,7.07,2.18,6.6,5.68
2022-04-26,US,6.93,0.15,6.78,2.12,6.29,5.49
2022-04-27,US,6.87,0.15,6.52,2.06,6.11,5.35
2022-04-28,US,6.69,0.14,6.36,2.02,5.97,5.18
2022-04-29,US,6.29,0.14,6.24,1.97,5.91,5.74
2022-04-30,US,6.9,0.13,7.04,2.1,6.46,5.62
2022-05-01,US,7.29,0.13,7.36,2.16,6.8,5.59
2022-05-02,US,6.65,0.15,6.78,2.13,6.41,5.5
2022-05-03,US,6.64,0.14,6.61,2.06,6.21,5.37
2022-05-04,US,6.63,0.15,6.47,2.03,6.09,5.34
2022-05-05,US,6.42,0.14,6.42,2.01,6.11,5.33
2022-05-06,US,6.1,0.13,6.21,2.0,5.86,5.21
2022-05-07,US,6.65,0.13,6.79,2.08,6.26,5.28
2022-05-08,US,6.84,0.13,7.22,2.12,6.71,5.45
2022-05-09,US,6.59,0.14,7.07,2.15,6.72,5.47
2022-05-10,US,6.74,0.14,7.23,2.1,6.97,5.78
2022-05-11,US,6.78,0.14,7.25,2.07,6.94,5.99
2022-05-12,US,6.69,0.14,7.25,2.0,6.91,5.67
2022-05-13,US,6.34,0.14,7.17,1.97,6.79,5.52
2022-05-14,US,6.94,0.13,8.16,2.13,7.57,5.91
2022-05-15,US,7.24,0.14,8.63,2.14,7.96,6.02
2022-05-16,US,6.66,0.15,7.98,2.09,7.51,5.85
2022-05-17,US,6.64,0.15,7.7,2.03,7.26,5.64
2022-05-18,US,6.83,0.15,7.44,2.04,7.08,5.62
2022-05-19,US,6.79,0.15,7.4,2.01,7.15,5.51
2022-05-20,US,6.4,0.14,7.31,2.0,7.09,5.41
2022-05-21,US,7.23,0.15,8.26,2.14,7.8,5.76
2022-05-22,US,7.51,0.15,8.72,2.15,8.22,5.93
2022-05-23,US,6.87,0.17,8.1,2.12,8.03,5.7
2022-05-24,US,6.75,0.16,7.68,2.04,7.46,5.44
2022-05-25,US,6.64,0.15,7.42,1.99,7.12,5.34
2022-05-26,US,6.61,0.15,7.39,2.01,7.0,5.34
2022-05-27,US,6.4,0.14,7.31,2.01,6.86,5.24
2022-05-28,US,6.88,0.14,8.35,2.13,7.69,5.53
2022-05-29,US,6.96,0.15,9.26,2.16,8.31,5.86
2022-05-30,US,7.14,0.15,10.19,2.11,8.85,6.13
2022-05-31,US,6.86,0.17,9.62,2.14,8.67,6.1
2022-06-01,US,6.82,0.16,8.99,2.08,8.16,5.8
2022-06-02,US,6.87,0.16,8.57,2.05,8.08,5.71
2022-06-03,US,6.66,0.15,8.16,2.04,7.67,5.53
2022-06-04,US,7.0,0.15,8.86,2.2,8.19,5.76
2022-06-05,US,7.22,0.15,9.21,2.21,8.44,5.96
2022-06-06,US,6.95,0.16,8.74,2.15,8.19,5.9
2022-06-07,US,7.13,0.17,8.52,2.11,7.95,5.82
2022-06-08,US,7.09,0.17,8.34,2.08,7.84,5.77
2022-06-09,US,7.03,0.16,8.21,2.07,7.66,5.71
2022-06-10,US,6.66,0.16,8.08,2.04,7.74,5.58
2022-06-11,US,6.92,0.15,8.98,2.13,8.25,5.85
2022-06-12,US,7.18,0.16,9.36,2.16,8.38,6.06
2022-06-13,US,6.96,0.18,8.97,2.12,8.17,6.03
2022-06-14,US,7.02,0.17,8.77,2.09,8.11,5.94
2022-06-15,US,7.03,0.17,8.64,2.15,8.11,5.96
2022-06-16,US,6.96,0.17,8.47,2.06,7.94,5.87
2022-06-17,US,6.64,0.17,8.35,2.1,7.75,5.79
2022-06-18,US,6.77,0.15,8.79,2.14,7.98,5.81
2022-06-19,US,6.88,0.16,9.28,2.13,8.4,6.0
2022-06-20,US,7.14,0.19,9.17,2.22,8.41,6.3
2022-06-21,US,7.26,0.18,8.93,2.15,8.18,6.06
2022-06-22,US,7.32,0.18,8.74,2.11,8.09,6.02
2022-06-23,US,7.18,0.18,8.56,2.1,7.81,5.93
2022-06-24,US,6.63,0.16,8.19,2.07,7.45,5.75
2022-06-25,US,7.02,0.16,8.98,2.14,8.05,6.08
2022-06-26,US,7.17,0.17,9.53,2.15,8.47,6.37
2022-06-27,US,6.96,0.18,9.18,2.19,8.25,6.23
2022-06-28,US,7.05,0.19,8.89,2.13,7.96,6.42
2022-06-29,US,7.02,0.19,8.68,2.15,7.84,7.18
2022-06-30,US,6.98,0.19,8.58,2.11,7.78,6.57
2022-07-01,US,6.61,0.18,8.44,2.07,7.56,6.15
2022-07-02,US,6.79,0.18,8.95,2.13,7.86,6.28
2022-07-03,US,6.75,0.18,9.33,2.17,8.06,6.22
2022-07-04,US,6.42,0.17,9.4,2.09,8.04,6.16
2022-07-05,US,6.92,0.2,9.55,2.25,8.21,6.59
2022-07-06,US,7.25,0.19,9.42,2.26,8.04,6.39
2022-07-07,US,7.35,0.19,8.88,2.25,7.87,6.24
2022-07-08,US,7.0,0.19,8.54,2.2,7.56,6.02
2022-07-09,US,7.13,0.18,8.96,2.21,7.84,6.05
2022-07-10,US,7.39,0.18,9.33,2.24,8.05,6.24
2022-07-11,US,7.45,0.21,9.03,2.25,7.98,6.25
2022-07-12,US,7.37,0.24,8.68,2.18,7.64,6.04
2022-07-13,US,7.31,0.2,8.46,2.19,7.54,5.99
2022-07-14,US,7.13,0.21,8.39,2.16,7.48,5.98
2022-07-15,US,6.8,0.18,8.2,2.13,7.29,5.78
2022-07-16,US,7.02,0.18,8.79,2.19,7.63,5.94
2022-07-17,US,7.24,0.18,9.12,2.21,7.87,6.15
2022-07-18,US,7.19,0.2,8.92,2.22,7.75,6.11
2022-07-19,US,7.34,0.2,8.79,2.22,7.78,6.11
2022-07-20,US,7.44,0.2,9.01,2.19,8.2,6.08
2022-07-21,US,7.23,0.2,8.81,2.17,7.98,6.01
2022-07-22,US,6.9,0.2,8.45,2.17,7.61,5.85
2022-07-23,US,7.0,0.19,9.06,2.16,8.06,5.95
2022-07-24,US,7.28,0.2,9.47,2.17,8.23,6.19
2022-07-25,US,7.25,0.22,9.13,2.19,8.09,6.21
2022-07-26,US,7.33,0.21,8.8,2.19,7.97,6.23
2022-07-27,US,7.33,0.21,8.62,2.14,7.96,6.02
2022-07-28,US,7.25,0.21,8.42,2.12,7.75,5.96
2022-07-29,US,6.98,0.2,8.29,2.05,7.6,5.75
2022-07-30,US,7.23,0.19,8.75,2.13,7.97,5.95
2022-07-31,US,7.58,0.2,9.31,2.14,8.32,6.26
2022-08-01,US,7.36,0.23,8.99,2.16,8.16,6.18
2022-08-02,US,7.46,0.23,8.88,2.16,8.22,6.11
2022-08-03,US,7.54,0.22,8.63,2.1,7.93,6.04
2022-08-04,US,7.37,0.22,8.57,2.06,8.01,5.98
2022-08-05,US,7.12,0.22,8.34,2.02,7.66,5.77
2022-08-06,US,7.38,0.2,8.97,2.08,7.91,5.93
2022-08-07,US,7.71,0.2,9.4,2.1,8.08,6.11
2022-08-08,US,7.37,0.22,9.06,2.09,8.19,6.07
2022-08-09,US,7.44,0.22,8.73,2.05,8.11,6.09
2022-08-10,US,7.41,0.23,8.44,2.02,7.71,6.14
2022-08-11,US,7.25,0.22,8.17,2.01,7.38,5.99
2022-08-12,US,6.84,0.21,8.45,1.95,7.69,5.66
2022-08-13,US,7.21,0.2,8.96,2.04,7.81,5.89
2022-08-14,US,7.58,0.2,9.09,2.08,7.82,6.02
2022-08-15,US,7.29,0.22,8.66,2.07,7.52,5.91
2022-08-16,US,7.36,0.21,8.37,2.06,7.3,5.82
2022-08-17,US,7.31,0.21,8.05,2.01,7.11,5.8
2022-08-18,US,7.13,0.25,7.87,1.99,7.01,5.67
2022-08-19,US,6.78,0.21,7.67,1.96,6.81,5.55
2022-08-20,US,7.36,0.2,8.5,2.05,7.19,5.97
2022-08-21,US,7.68,0.2,8.83,2.08,7.37,5.96
2022-08-22,US,7.16,0.21,8.21,2.03,6.98,5.68
2022-08-23,US,7.25,0.22,8.04,2.0,6.92,5.66
2022-08-24,US,7.06,0.22,7.88,1.97,6.83,5.6
2022-08-25,US,6.91,0.21,7.75,2.0,6.77,5.68
2022-08-26,US,6.62,0.2,7.52,1.94,6.53,5.41
2022-08-27,US,7.33,0.19,8.38,2.05,6.98,5.75
2022-08-28,US,7.61,0.19,8.75,2.07,7.17,5.92
2022-08-29,US,6.9,0.22,8.21,2.03,6.9,5.7
2022-08-30,US,6.97,0.21,7.97,1.97,6.76,5.64
2022-08-31,US,6.89,0.26,7.68,1.94,6.59,5.49
2022-09-01,US,6.59,0.3,7.42,1.91,6.37,5.4
2022-09-02,US,6.33,0.23,7.43,1.89,6.3,5.28
2022-09-03,US,6.99,0.2,8.21,2.0,6.71,5.59
2022-09-04,US,7.23,0.19,8.65,2.05,6.96,5.77
2022-09-05,US,7.48,0.21,8.78,2.01,6.97,5.7
2022-09-06,US,6.71,0.23,8.07,2.02,6.73,5.46
2022-09-07,US,6.73,0.23,7.79,1.97,6.63,5.45
2022-09-08,US,6.37,0.21,7.3,1.88,6.26,5.62
2022-09-09,US,6.15,0.2,7.08,1.86,6.08,5.53
2022-09-10,US,6.85,0.2,7.91,1.98,6.53,5.85
2022-09-11,US,7.19,0.19,8.03,1.99,6.46,5.87
2022-09-12,US,6.6,0.22,7.6,2.01,6.41,5.75
